{
  "content": [
    {
      "path": "de-DE.locPak",
      "size": 1629,
      "date": 132408473275224770
    },
    {
      "path": "en-US.locPak",
      "size": 1327,
      "date": 132408473275214780
    },
    {
      "path": "es-ES.locPak",
      "size": 1525,
      "date": 132408473275204783
    },
    {
      "path": "fr-FR.locPak",
      "size": 1584,
      "date": 132408473275224770
    },
    {
      "path": "it-IT.locPak",
      "size": 1493,
      "date": 132408473275234782
    },
    {
      "path": "pl-PL.locPak",
      "size": 1639,
      "date": 132408473275204783
    },
    {
      "path": "pt-BR.locPak",
      "size": 1485,
      "date": 132408473275194773
    },
    {
      "path": "RTC/Asobo_XCub/RTC_Hangar.spb",
      "size": 1780,
      "date": 132410335211835069
    },
    {
      "path": "ru-RU.locPak",
      "size": 2166,
      "date": 132408473275214780
    },
    {
      "path": "SimObjects/Airplanes/Asobo_XCub/aircraft.cfg",
      "size": 3852,
      "date": 132361718920000000
    },
    {
      "path": "SimObjects/Airplanes/Asobo_XCub/TEXTURE.Red/CUB_CRAFTER_XCUB_AIRFRAME_DETAILS_ALBD.PNG.DDS",
      "size": 2097280,
      "date": 132400244703083678
    },
    {
      "path": "SimObjects/Airplanes/Asobo_XCub/TEXTURE.Red/CUB_CRAFTER_XCUB_AIRFRAME_DETAILS_ALBD.PNG.DDS.JSON",
      "size": 102,
      "date": 132400244703083678
    },
    {
      "path": "SimObjects/Airplanes/Asobo_XCub/TEXTURE.Red/CUB_CRAFTER_XCUB_AIRFRAME_FUSELAGE_ALBD.PNG.DDS",
      "size": 2097280,
      "date": 132400244703083678
    },
    {
      "path": "SimObjects/Airplanes/Asobo_XCub/TEXTURE.Red/CUB_CRAFTER_XCUB_AIRFRAME_FUSELAGE_ALBD.PNG.DDS.JSON",
      "size": 102,
      "date": 132400244703083678
    },
    {
      "path": "SimObjects/Airplanes/Asobo_XCub/TEXTURE.Red/CUB_CRAFTER_XCUB_AIRFRAME_LIVERY_DECALS_ALBD.PNG.DDS",
      "size": 4194432,
      "date": 132400244703083678
    },
    {
      "path": "SimObjects/Airplanes/Asobo_XCub/TEXTURE.Red/CUB_CRAFTER_XCUB_AIRFRAME_LIVERY_DECALS_ALBD.PNG.DDS.json",
      "size": 102,
      "date": 132400244703083678
    },
    {
      "path": "SimObjects/Airplanes/Asobo_XCub/TEXTURE.Red/CUB_CRAFTER_XCUB_AIRFRAME_WINGS_ALBD.PNG.DDS",
      "size": 4194432,
      "date": 132400244703083678
    },
    {
      "path": "SimObjects/Airplanes/Asobo_XCub/TEXTURE.Red/CUB_CRAFTER_XCUB_AIRFRAME_WINGS_ALBD.PNG.DDS.json",
      "size": 102,
      "date": 132400244703083678
    },
    {
      "path": "SimObjects/Airplanes/Asobo_XCub/TEXTURE.Red/texture.CFG",
      "size": 276,
      "date": 132222576070000000
    },
    {
      "path": "SimObjects/Airplanes/Asobo_XCub/TEXTURE.Red/thumbnail.JPG",
      "size": 239513,
      "date": 132200099940000000
    },
    {
      "path": "SimObjects/Airplanes/Asobo_XCub/TEXTURE.Red/thumbnail_small.JPG",
      "size": 34190,
      "date": 132270114880000000
    },
    {
      "path": "SimObjects/Airplanes/Asobo_XCub/TEXTURE.Blue/CUB_CRAFTER_XCUB_AIRFRAME_DETAILS_ALBD.PNG.DDS",
      "size": 2097280,
      "date": 132400244703083678
    },
    {
      "path": "SimObjects/Airplanes/Asobo_XCub/TEXTURE.Blue/CUB_CRAFTER_XCUB_AIRFRAME_DETAILS_ALBD.PNG.DDS.JSON",
      "size": 102,
      "date": 132400244703083678
    },
    {
      "path": "SimObjects/Airplanes/Asobo_XCub/TEXTURE.Blue/CUB_CRAFTER_XCUB_AIRFRAME_FUSELAGE_ALBD.PNG.DDS",
      "size": 2097280,
      "date": 132400244703083678
    },
    {
      "path": "SimObjects/Airplanes/Asobo_XCub/TEXTURE.Blue/CUB_CRAFTER_XCUB_AIRFRAME_FUSELAGE_ALBD.PNG.DDS.JSON",
      "size": 102,
      "date": 132400244703083678
    },
    {
      "path": "SimObjects/Airplanes/Asobo_XCub/TEXTURE.Blue/CUB_CRAFTER_XCUB_AIRFRAME_LIVERY_DECALS_ALBD.PNG.DDS",
      "size": 2097280,
      "date": 132400244703083678
    },
    {
      "path": "SimObjects/Airplanes/Asobo_XCub/TEXTURE.Blue/CUB_CRAFTER_XCUB_AIRFRAME_LIVERY_DECALS_ALBD.PNG.DDS.json",
      "size": 119,
      "date": 132400244703083678
    },
    {
      "path": "SimObjects/Airplanes/Asobo_XCub/TEXTURE.Blue/CUB_CRAFTER_XCUB_AIRFRAME_DECALS_ALBD.PNG.DDS",
      "size": 4194432,
      "date": 132400244703083678
    },
    {
      "path": "SimObjects/Airplanes/Asobo_XCub/TEXTURE.Blue/CUB_CRAFTER_XCUB_AIRFRAME_DECALS_ALBD.PNG.DDS.json",
      "size": 102,
      "date": 132400244703083678
    },
    {
      "path": "SimObjects/Airplanes/Asobo_XCub/TEXTURE.Blue/CUB_CRAFTER_XCUB_AIRFRAME_WINGS_ALBD.PNG.DDS",
      "size": 4194432,
      "date": 132400244703083678
    },
    {
      "path": "SimObjects/Airplanes/Asobo_XCub/TEXTURE.Blue/CUB_CRAFTER_XCUB_AIRFRAME_WINGS_ALBD.PNG.DDS.json",
      "size": 102,
      "date": 132400244703083678
    },
    {
      "path": "SimObjects/Airplanes/Asobo_XCub/TEXTURE.Blue/texture.CFG",
      "size": 276,
      "date": 132222576070000000
    },
    {
      "path": "SimObjects/Airplanes/Asobo_XCub/TEXTURE.Blue/thumbnail.JPG",
      "size": 239513,
      "date": 132200099940000000
    },
    {
      "path": "SimObjects/Airplanes/Asobo_XCub/TEXTURE.Blue/thumbnail_small.JPG",
      "size": 34190,
      "date": 132270114880000000
    },
    {
      "path": "SimObjects/Airplanes/Asobo_XCub/TEXTURE.Forest/CUB_CRAFTER_XCUB_AIRFRAME_DECALS_ALBD.PNG.DDS",
      "size": 4194432,
      "date": 132400244703083678
    },
    {
      "path": "SimObjects/Airplanes/Asobo_XCub/TEXTURE.Forest/CUB_CRAFTER_XCUB_AIRFRAME_DECALS_ALBD.PNG.DDS.json",
      "size": 102,
      "date": 132400244703083678
    },
    {
      "path": "SimObjects/Airplanes/Asobo_XCub/TEXTURE.Forest/CUB_CRAFTER_XCUB_AIRFRAME_DETAILS_ALBD.PNG.DDS",
      "size": 2097280,
      "date": 132400244703083678
    },
    {
      "path": "SimObjects/Airplanes/Asobo_XCub/TEXTURE.Forest/CUB_CRAFTER_XCUB_AIRFRAME_DETAILS_ALBD.PNG.DDS.JSON",
      "size": 102,
      "date": 132400244703083678
    },
    {
      "path": "SimObjects/Airplanes/Asobo_XCub/TEXTURE.Forest/CUB_CRAFTER_XCUB_AIRFRAME_FUSELAGE_ALBD.PNG.DDS",
      "size": 2097280,
      "date": 132400244703083678
    },
    {
      "path": "SimObjects/Airplanes/Asobo_XCub/TEXTURE.Forest/CUB_CRAFTER_XCUB_AIRFRAME_FUSELAGE_ALBD.PNG.DDS.JSON",
      "size": 102,
      "date": 132400244703083678
    },
    {
      "path": "SimObjects/Airplanes/Asobo_XCub/TEXTURE.Forest/CUB_CRAFTER_XCUB_AIRFRAME_LIVERY_DECALS_ALBD.PNG.DDS",
      "size": 4194432,
      "date": 132400244703083678
    },
    {
      "path":"SimObjects/Airplanes/Asobo_XCub/TEXTURE.Forest/CUB_CRAFTER_XCUB_AIRFRAME_LIVERY_DECALS_ALBD.PNG.DDS.json",
      "size": 102,
      "date": 132400244703083678
    },
    {
      "path": "SimObjects/Airplanes/Asobo_XCub/TEXTURE.Forest/CUB_CRAFTER_XCUB_AIRFRAME_WHEEL_BLURRED_ALBD.PNG.DDS",
      "size": 262272,
      "date": 132400244703083678
    },
    {
      "path": "SimObjects/Airplanes/Asobo_XCub/TEXTURE.Forest/CUB_CRAFTER_XCUB_AIRFRAME_WHEEL_BLURRED_ALBD.PNG.DDS.json",
      "size": 119,
      "date": 132400244703083678
    },    {
      "path": "SimObjects/Airplanes/Asobo_XCub/TEXTURE.Forest/CUB_CRAFTER_XCUB_AIRFRAME_WHEEL_STILL_ALBD.PNG.DDS",
      "size": 4194432,
      "date": 132400244703083678
    },
    {
      "path": "SimObjects/Airplanes/Asobo_XCub/TEXTURE.Forest/CUB_CRAFTER_XCUB_AIRFRAME_WHEEL_STILL_ALBD.PNG.DDS.json",
      "size": 102,
      "date": 132400244703083678
    },
    {
      "path": "SimObjects/Airplanes/Asobo_XCub/TEXTURE.Forest/CUB_CRAFTER_XCUB_AIRFRAME_WINGS_ALBD.PNG.DDS",
      "size": 4194432,
      "date": 132400244703083678
    },
    {
      "path": "SimObjects/Airplanes/Asobo_XCub/TEXTURE.Forest/CUB_CRAFTER_XCUB_AIRFRAME_WINGS_ALBD.PNG.DDS.json",
      "size": 102,
      "date": 132400244703083678
    },
    {
      "path": "SimObjects/Airplanes/Asobo_XCub/TEXTURE.Forest/texture.CFG",
      "size": 276,
      "date": 132222576070000000
    },
    {
      "path": "SimObjects/Airplanes/Asobo_XCub/TEXTURE.Forest/thumbnail.JPG",
      "size": 239513,
      "date": 132200099940000000
    },
    {
      "path": "SimObjects/Airplanes/Asobo_XCub/TEXTURE.Forest/thumbnail_small.JPG",
      "size": 34190,
      "date": 132270114880000000
    },
    {
      "path": "SimObjects/Airplanes/Asobo_XCub/TEXTURE.Glacier/CUB_CRAFTER_XCUB_AIRFRAME_DETAILS_ALBD.PNG.DDS",
      "size": 2097280,
      "date": 132400244703083678
    },
    {
      "path": "SimObjects/Airplanes/Asobo_XCub/TEXTURE.Glacier/CUB_CRAFTER_XCUB_AIRFRAME_DETAILS_ALBD.PNG.DDS.JSON",
      "size": 102,
      "date": 132400244703083678
    },
    {
      "path": "SimObjects/Airplanes/Asobo_XCub/TEXTURE.Glacier/CUB_CRAFTER_XCUB_AIRFRAME_FUSELAGE_ALBD.PNG.DDS",
      "size": 2097280,
      "date": 132400244703083678
    },
    {
      "path": "SimObjects/Airplanes/Asobo_XCub/TEXTURE.Glacier/CUB_CRAFTER_XCUB_AIRFRAME_FUSELAGE_ALBD.PNG.DDS.JSON",
      "size": 102,
      "date": 132400244703083678
    },
    {
      "path": "SimObjects/Airplanes/Asobo_XCub/TEXTURE.Glacier/CUB_CRAFTER_XCUB_AIRFRAME_LIVERY_DECALS_ALBD.PNG.DDS",
      "size": 4194432,
      "date": 132400244703083678
    },
    {
      "path":"SimObjects/Airplanes/Asobo_XCub/TEXTURE.Glacier/CUB_CRAFTER_XCUB_AIRFRAME_LIVERY_DECALS_ALBD.PNG.DDS.json",
      "size": 102,
      "date": 132400244703083678
    },
    {
      "path": "SimObjects/Airplanes/Asobo_XCub/TEXTURE.Glacier/CUB_CRAFTER_XCUB_AIRFRAME_DECALS_ALBD.PNG.DDS",
      "size": 4194432,
      "date": 132400244703083678
    },
    {
      "path": "SimObjects/Airplanes/Asobo_XCub/TEXTURE.Glacier/CUB_CRAFTER_XCUB_AIRFRAME_DECALS_ALBD.PNG.DDS.json",
      "size": 102,
      "date": 132400244703083678
    },
    {
      "path": "SimObjects/Airplanes/Asobo_XCub/TEXTURE.Glacier/CUB_CRAFTER_XCUB_AIRFRAME_WHEEL_BLURRED_ALBD.PNG.DDS",
      "size": 262272,
      "date": 132400244703083678
    },
    {
      "path": "SimObjects/Airplanes/Asobo_XCub/TEXTURE.Glacier/CUB_CRAFTER_XCUB_AIRFRAME_WHEEL_BLURRED_ALBD.PNG.DDS.json",
      "size": 119,
      "date": 132400244703083678
    },    {
      "path": "SimObjects/Airplanes/Asobo_XCub/TEXTURE.Glacier/CUB_CRAFTER_XCUB_AIRFRAME_WHEEL_STILL_ALBD.PNG.DDS",
      "size": 4194432,
      "date": 132400244703083678
    },
    {
      "path": "SimObjects/Airplanes/Asobo_XCub/TEXTURE.Glacier/CUB_CRAFTER_XCUB_AIRFRAME_WHEEL_STILL_ALBD.PNG.DDS.json",
      "size": 102,
      "date": 132400244703083678
    },
    {
      "path": "SimObjects/Airplanes/Asobo_XCub/TEXTURE.Glacier/CUB_CRAFTER_XCUB_AIRFRAME_WINGS_ALBD.PNG.DDS",
      "size": 4194432,
      "date": 132400244703083678
    },
    {
      "path": "SimObjects/Airplanes/Asobo_XCub/TEXTURE.Glacier/CUB_CRAFTER_XCUB_AIRFRAME_WINGS_ALBD.PNG.DDS.json",
      "size": 102,
      "date": 132400244703083678
    },
    {
      "path": "SimObjects/Airplanes/Asobo_XCub/TEXTURE.Glacier/texture.CFG",
      "size": 276,
      "date": 132222576070000000
    },
    {
      "path": "SimObjects/Airplanes/Asobo_XCub/TEXTURE.Glacier/thumbnail.JPG",
      "size": 239513,
      "date": 132200099940000000
    },
    {
      "path": "SimObjects/Airplanes/Asobo_XCub/TEXTURE.Glacier/thumbnail_small.JPG",
      "size": 34190,
      "date": 132270114880000000
    },
    {
      "path": "SimObjects/Airplanes/Asobo_XCub/TEXTURE.Orange/CUB_CRAFTER_XCUB_AIRFRAME_DETAILS_ALBD.PNG.DDS",
      "size": 2097280,
      "date": 132400244703083678
    },
    {
      "path": "SimObjects/Airplanes/Asobo_XCub/TEXTURE.Orange/CUB_CRAFTER_XCUB_AIRFRAME_DETAILS_ALBD.PNG.DDS.JSON",
      "size": 102,
      "date": 132400244703083678
    },
    {
      "path": "SimObjects/Airplanes/Asobo_XCub/TEXTURE.Orange/CUB_CRAFTER_XCUB_AIRFRAME_FUSELAGE_ALBD.PNG.DDS",
      "size": 2097280,
      "date": 132400244703083678
    },
    {
      "path": "SimObjects/Airplanes/Asobo_XCub/TEXTURE.Orange/CUB_CRAFTER_XCUB_AIRFRAME_FUSELAGE_ALBD.PNG.DDS.JSON",
      "size": 102,
      "date": 132400244703083678
    },
    {
      "path": "SimObjects/Airplanes/Asobo_XCub/TEXTURE.Orange/CUB_CRAFTER_XCUB_AIRFRAME_LIVERY_DECALS_ALBD.PNG.DDS",
      "size": 2097280,
      "date": 132400244703083678
    },
    {
      "path": "SimObjects/Airplanes/Asobo_XCub/TEXTURE.Orange/CUB_CRAFTER_XCUB_AIRFRAME_LIVERY_DECALS_ALBD.PNG.DDS.json",
      "size": 119,
      "date": 132400244703083678
    },
    {
      "path": "SimObjects/Airplanes/Asobo_XCub/TEXTURE.Orange/CUB_CRAFTER_XCUB_AIRFRAME_DECALS_ALBD.PNG.DDS",
      "size": 4194432,
      "date": 132400244703083678
    },
    {
      "path": "SimObjects/Airplanes/Asobo_XCub/TEXTURE.Orange/CUB_CRAFTER_XCUB_AIRFRAME_DECALS_ALBD.PNG.DDS.json",
      "size": 102,
      "date": 132400244703083678
    },
    {
      "path": "SimObjects/Airplanes/Asobo_XCub/TEXTURE.Orange/CUB_CRAFTER_XCUB_AIRFRAME_PROP_BLURRED_ALBD.PNG.DDS",
      "size": 2097280,
      "date": 132400244703083678
    },
    {
      "path": "SimObjects/Airplanes/Asobo_XCub/TEXTURE.Orange/CUB_CRAFTER_XCUB_AIRFRAME_PROP_BLURRED_ALBD.PNG.DDS.json",
      "size": 119,
      "date": 132400244703083678
    },
    {
      "path": "SimObjects/Airplanes/Asobo_XCub/TEXTURE.Orange/CUB_CRAFTER_XCUB_AIRFRAME_PROP_STILL_ALBD.PNG.DDS",
      "size": 4194432,
      "date": 132400244703083678
    },
    {
      "path": "SimObjects/Airplanes/Asobo_XCub/TEXTURE.Orange/CUB_CRAFTER_XCUB_AIRFRAME_PROP_STILL_ALBD.PNG.DDS.json",
      "size": 102,
      "date": 132400244703083678
    },
    {
      "path": "SimObjects/Airplanes/Asobo_XCub/TEXTURE.Orange/CUB_CRAFTER_XCUB_AIRFRAME_WINGS_ALBD.PNG.DDS",
      "size": 4194432,
      "date": 132400244703083678
    },
    {
      "path": "SimObjects/Airplanes/Asobo_XCub/TEXTURE.Orange/CUB_CRAFTER_XCUB_AIRFRAME_WINGS_ALBD.PNG.DDS.json",
      "size": 102,
      "date": 132400244703083678
    },
    {
      "path": "SimObjects/Airplanes/Asobo_XCub/TEXTURE.Orange/texture.CFG",
      "size": 276,
      "date": 132222576070000000
    },
    {
      "path": "SimObjects/Airplanes/Asobo_XCub/TEXTURE.Orange/thumbnail.JPG",
      "size": 239513,
      "date": 132200099940000000
    },
    {
      "path": "SimObjects/Airplanes/Asobo_XCub/TEXTURE.Orange/thumbnail_small.JPG",
      "size": 34190,
      "date": 132270114880000000
    },
    {
      "path": "SimObjects/Airplanes/Asobo_XCub/TEXTURE.Yellow/CUB_CRAFTER_XCUB_AIRFRAME_DETAILS_ALBD.PNG.DDS",
      "size": 2097280,
      "date": 132400244703083678
    },
    {
      "path": "SimObjects/Airplanes/Asobo_XCub/TEXTURE.Yellow/CUB_CRAFTER_XCUB_AIRFRAME_DETAILS_ALBD.PNG.DDS.JSON",
      "size": 102,
      "date": 132400244703083678
    },
    {
      "path": "SimObjects/Airplanes/Asobo_XCub/TEXTURE.Yellow/CUB_CRAFTER_XCUB_AIRFRAME_FUSELAGE_ALBD.PNG.DDS",
      "size": 2097280,
      "date": 132400244703083678
    },
    {
      "path": "SimObjects/Airplanes/Asobo_XCub/TEXTURE.Yellow/CUB_CRAFTER_XCUB_AIRFRAME_FUSELAGE_ALBD.PNG.DDS.JSON",
      "size": 102,
      "date": 132400244703083678
    },
    {
      "path": "SimObjects/Airplanes/Asobo_XCub/TEXTURE.Yellow/CUB_CRAFTER_XCUB_AIRFRAME_LIVERY_DECALS_ALBD.PNG.DDS",
      "size": 2097280,
      "date": 132400244703083678
    },
    {
      "path": "SimObjects/Airplanes/Asobo_XCub/TEXTURE.Yellow/CUB_CRAFTER_XCUB_AIRFRAME_LIVERY_DECALS_ALBD.PNG.DDS.json",
      "size": 119,
      "date": 132400244703083678
    },
    {
      "path": "SimObjects/Airplanes/Asobo_XCub/TEXTURE.Yellow/CUB_CRAFTER_XCUB_AIRFRAME_DECALS_ALBD.PNG.DDS",
      "size": 4194432,
      "date": 132400244703083678
    },
    {
      "path": "SimObjects/Airplanes/Asobo_XCub/TEXTURE.Yellow/CUB_CRAFTER_XCUB_AIRFRAME_DECALS_ALBD.PNG.DDS.json",
      "size": 102,
      "date": 132400244703083678
    },
    {
      "path": "SimObjects/Airplanes/Asobo_XCub/TEXTURE.Yellow/CUB_CRAFTER_XCUB_AIRFRAME_PROP_BLURRED_ALBD.PNG.DDS",
      "size": 2097280,
      "date": 132400244703083678
    },
    {
      "path": "SimObjects/Airplanes/Asobo_XCub/TEXTURE.Yellow/CUB_CRAFTER_XCUB_AIRFRAME_PROP_BLURRED_ALBD.PNG.DDS.json",
      "size": 119,
      "date": 132400244703083678
    },
    {
      "path": "SimObjects/Airplanes/Asobo_XCub/TEXTURE.Yellow/CUB_CRAFTER_XCUB_AIRFRAME_PROP_STILL_ALBD.PNG.DDS",
      "size": 4194432,
      "date": 132400244703083678
    },
    {
      "path": "SimObjects/Airplanes/Asobo_XCub/TEXTURE.Yellow/CUB_CRAFTER_XCUB_AIRFRAME_PROP_STILL_ALBD.PNG.DDS.json",
      "size": 102,
      "date": 132400244703083678
    },
    {
      "path": "SimObjects/Airplanes/Asobo_XCub/TEXTURE.Yellow/CUB_CRAFTER_XCUB_AIRFRAME_WINGS_ALBD.PNG.DDS",
      "size": 4194432,
      "date": 132400244703083678
    },
    {
      "path": "SimObjects/Airplanes/Asobo_XCub/TEXTURE.Yellow/CUB_CRAFTER_XCUB_AIRFRAME_WINGS_ALBD.PNG.DDS.json",
      "size": 102,
      "date": 132400244703083678
    },
    {
      "path": "SimObjects/Airplanes/Asobo_XCub/TEXTURE.Yellow/texture.CFG",
      "size": 276,
      "date": 132222576070000000
    },
    {
      "path": "SimObjects/Airplanes/Asobo_XCub/TEXTURE.Yellow/thumbnail.JPG",
      "size": 239513,
      "date": 132200099940000000
    },
    {
      "path": "SimObjects/Airplanes/Asobo_XCub/TEXTURE.Yellow/thumbnail_small.JPG",
      "size": 34190,
      "date": 132270114880000000
    },
    {
      "path": "SimObjects/Airplanes/Asobo_XCub/TEXTURE.Pink/CUB_CRAFTER_XCUB_AIRFRAME_DETAILS_ALBD.PNG.DDS",
      "size": 2097280,
      "date": 132400244703083678
    },
    {
      "path": "SimObjects/Airplanes/Asobo_XCub/TEXTURE.Pink/CUB_CRAFTER_XCUB_AIRFRAME_DETAILS_ALBD.PNG.DDS.JSON",
      "size": 102,
      "date": 132400244703083678
    },
    {
      "path": "SimObjects/Airplanes/Asobo_XCub/TEXTURE.Pink/CUB_CRAFTER_XCUB_AIRFRAME_FUSELAGE_ALBD.PNG.DDS",
      "size": 2097280,
      "date": 132400244703083678
    },
    {
      "path": "SimObjects/Airplanes/Asobo_XCub/TEXTURE.Pink/CUB_CRAFTER_XCUB_AIRFRAME_FUSELAGE_ALBD.PNG.DDS.JSON",
      "size": 102,
      "date": 132400244703083678
    },
    {
      "path": "SimObjects/Airplanes/Asobo_XCub/TEXTURE.Pink/CUB_CRAFTER_XCUB_AIRFRAME_LIVERY_DECALS_ALBD.PNG.DDS",
      "size": 2097280,
      "date": 132400244703083678
    },
    {
      "path": "SimObjects/Airplanes/Asobo_XCub/TEXTURE.Pink/CUB_CRAFTER_XCUB_AIRFRAME_LIVERY_DECALS_ALBD.PNG.DDS.json",
      "size": 119,
      "date": 132400244703083678
    },
    {
      "path": "SimObjects/Airplanes/Asobo_XCub/TEXTURE.Pink/CUB_CRAFTER_XCUB_AIRFRAME_DECALS_ALBD.PNG.DDS",
      "size": 4194432,
      "date": 132400244703083678
    },
    {
      "path": "SimObjects/Airplanes/Asobo_XCub/TEXTURE.Pink/CUB_CRAFTER_XCUB_AIRFRAME_DECALS_ALBD.PNG.DDS.json",
      "size": 102,
      "date": 132400244703083678
    },
    {
      "path": "SimObjects/Airplanes/Asobo_XCub/TEXTURE.Pink/CUB_CRAFTER_XCUB_AIRFRAME_WHEEL_BLURRED_ALBD.PNG.DDS",
      "size": 262272,
      "date": 132400244703083678
    },
    {
      "path": "SimObjects/Airplanes/Asobo_XCub/TEXTURE.Pink/CUB_CRAFTER_XCUB_AIRFRAME_WHEEL_BLURRED_ALBD.PNG.DDS.json",
      "size": 119,
      "date": 132400244703083678
    },    {
      "path": "SimObjects/Airplanes/Asobo_XCub/TEXTURE.Pink/CUB_CRAFTER_XCUB_AIRFRAME_WHEEL_STILL_ALBD.PNG.DDS",
      "size": 4194432,
      "date": 132400244703083678
    },
    {
      "path": "SimObjects/Airplanes/Asobo_XCub/TEXTURE.Pink/CUB_CRAFTER_XCUB_AIRFRAME_WHEEL_STILL_ALBD.PNG.DDS.json",
      "size": 102,
      "date": 132400244703083678
    },
    {
      "path": "SimObjects/Airplanes/Asobo_XCub/TEXTURE.Pink/CUB_CRAFTER_XCUB_AIRFRAME_WINGS_ALBD.PNG.DDS",
      "size": 4194432,
      "date": 132400244703083678
    },
    {
      "path": "SimObjects/Airplanes/Asobo_XCub/TEXTURE.Pink/CUB_CRAFTER_XCUB_AIRFRAME_WINGS_ALBD.PNG.DDS.json",
      "size": 102,
      "date": 132400244703083678
    },
    {
      "path": "SimObjects/Airplanes/Asobo_XCub/TEXTURE.Pink/texture.CFG",
      "size": 276,
      "date": 132222576070000000
    },
    {
      "path": "SimObjects/Airplanes/Asobo_XCub/TEXTURE.Pink/thumbnail.JPG",
      "size": 239513,
      "date": 132200099940000000
    },
    {
      "path": "SimObjects/Airplanes/Asobo_XCub/TEXTURE.Pink/thumbnail_small.JPG",
      "size": 34190,
      "date": 132270114880000000
    }
  ]
}